{
  "comment": "Перевод китайских названий городов на английский (пиньинь)",
  "cities": {
    "北京": "Beijing",
    "上海": "Shanghai",
    "广州": "Guangzhou",
    "深圳": "Shenzhen",
    "成都": "Chengdu",
    "重庆": "Chongqing",
    "天津": "Tianjin",
    "武汉": "Wuhan",
    "西安": "Xi'an",
    "杭州": "Hangzhou",
    "南京": "Nanjing",
    "苏州": "Suzhou",
    "郑州": "Zhengzhou",
    "长沙": "Changsha",
    "沈阳": "Shenyang",
    "青岛": "Qingdao",
    "大连": "Dalian",
    "济南": "Jinan",
    "哈尔滨": "Harbin",
    "昆明": "Kunming",
    "厦门": "Xiamen",
    "福州": "Fuzhou",
    "合肥": "Hefei",
    "石家庄": "Shijiazhuang",
    "太原": "Taiyuan",
    "南昌": "Nanchang",
    "长春": "Changchun",
    "南宁": "Nanning",
    "贵阳": "Guiyang",
    "兰州": "Lanzhou",
    "乌鲁木齐": "Urumqi",
    "银川": "Yinchuan",
    "西宁": "Xining",
    "呼和浩特": "Hohhot",
    "拉萨": "Lhasa",
    "海口": "Haikou",
    "三亚": "Sanya",
    "宁波": "Ningbo",
    "温州": "Wenzhou",
    "无锡": "Wuxi",
    "常州": "Changzhou",
    "徐州": "Xuzhou",
    "扬州": "Yangzhou",
    "南通": "Nantong",
    "镇江": "Zhenjiang",
    "盐城": "Yancheng",
    "泰州": "Taizhou",
    "金华": "Jinhua",
    "嘉兴": "Jiaxing",
    "湖州": "Huzhou",
    "绍兴": "Shaoxing",
    "台州": "Taizhou",
    "丽水": "Lishui",
    "衢州": "Quzhou",
    "舟山": "Zhoushan",
    "东莞": "Dongguan",
    "佛山": "Foshan",
    "中山": "Zhongshan",
    "珠海": "Zhuhai",
    "江门": "Jiangmen",
    "惠州": "Huizhou",
    "汕头": "Shantou",
    "湛江": "Zhanjiang",
    "肇庆": "Zhaoqing",
    "潮州": "Chaozhou",
    "揭阳": "Jieyang",
    "清远": "Qingyuan",
    "韶关": "Shaoguan",
    "梅州": "Meizhou",
    "河源": "Heyuan",
    "阳江": "Yangjiang",
    "茂名": "Maoming",
    "云浮": "Yunfu",
    "烟台": "Yantai",
    "潍坊": "Weifang",
    "临沂": "Linyi",
    "淄博": "Zibo",
    "济宁": "Jining",
    "泰安": "Tai'an",
    "威海": "Weihai",
    "日照": "Rizhao",
    "莱芜": "Laiwu",
    "德州": "Dezhou",
    "聊城": "Liaocheng",
    "滨州": "Binzhou",
    "菏泽": "Heze",
    "枣庄": "Zaozhuang",
    "东营": "Dongying",
    "保定": "Baoding",
    "唐山": "Tangshan",
    "秦皇岛": "Qinhuangdao",
    "邯郸": "Handan",
    "邢台": "Xingtai",
    "张家口": "Zhangjiakou",
    "承德": "Chengde",
    "沧州": "Cangzhou",
    "廊坊": "Langfang",
    "衡水": "Hengshui"
  }
}
